company_id,year,previous_pattern,current_pattern
ABB,2014-03,Reinvestor,Pre-Revenue
ABB,2015-03,Pre-Revenue,Growth Funded by Debt
ABB,2016-03,Growth Funded by Debt,Shareholder Returns
ABB,2018-03,Shareholder Returns,Mixed
ABB,2021-03,Mixed,Shareholder Returns
ABB,2023-03,Shareholder Returns,Mixed
ABB,2024-03,Mixed,Shareholder Returns
ADANIENSOL,2015-03,Pre-Revenue,Growth Funded by Debt
ADANIENSOL,2016-03,Growth Funded by Debt,Shareholder Returns
ADANIENSOL,2018-03,Shareholder Returns,Mixed
ADANIENSOL,2021-03,Mixed,Shareholder Returns
ADANIENSOL,2023-03,Shareholder Returns,Mixed
ADANIENSOL,2024-03,Mixed,Shareholder Returns
ADANIENT,2014-03,Mixed,Shareholder Returns
ADANIENT,2015-03,Shareholder Returns,Mixed
ADANIENT,2016-03,Mixed,Shareholder Returns
ADANIENT,2017-03,Shareholder Returns,Mixed
ADANIENT,2019-03,Mixed,Liquidating Assets
ADANIENT,2020-03,Liquidating Assets,Shareholder Returns
ADANIENT,2021-03,Shareholder Returns,Mixed
ADANIENT,2023-03,Mixed,Shareholder Returns
ADANIENT,2024-03,Shareholder Returns,Mixed
ADANIGREEN,2023-03,Mixed,Reinvestor
ADANIGREEN,2024-03,Reinvestor,Mixed
ADANIPORTS,2015-03,Mixed,Reinvestor
ADANIPORTS,2016-03,Reinvestor,Mixed
ADANIPORTS,2017-03,Mixed,Reinvestor
ADANIPORTS,2018-03,Reinvestor,Shareholder Returns
ADANIPORTS,2019-03,Shareholder Returns,Mixed
ADANIPORTS,2020-03,Mixed,Shareholder Returns
ADANIPORTS,2021-03,Shareholder Returns,Mixed
ADANIPORTS,2022-03,Mixed,Shareholder Returns
ADANIPOWER,2015-03,Mixed,Reinvestor
ADANIPOWER,2022-03,Reinvestor,Liquidating Assets
AMBUJACEM,2023-03,Shareholder Returns,Mixed
APOLLOHOSP,2014-03,Mixed,Shareholder Returns
APOLLOHOSP,2015-03,Shareholder Returns,Mixed
APOLLOHOSP,2018-03,Mixed,Shareholder Returns
ASIANPAINT,2015-03,Shareholder Returns,Reinvestor
ASIANPAINT,2016-03,Reinvestor,Shareholder Returns
ASIANPAINT,2017-03,Shareholder Returns,Reinvestor
ASIANPAINT,2020-03,Reinvestor,Shareholder Returns
ASIANPAINT,2022-03,Shareholder Returns,Reinvestor
AXISBANK,2015-03,Mixed,Growth Funded by Debt
AXISBANK,2016-03,Growth Funded by Debt,Distress Signal
AXISBANK,2017-03,Distress Signal,Shareholder Returns
AXISBANK,2018-03,Shareholder Returns,Growth Funded by Debt
AXISBANK,2019-03,Growth Funded by Debt,Mixed
AXISBANK,2024-03,Mixed,Growth Funded by Debt
BAJAJ-AUTO,2020-03,Reinvestor,Liquidating Assets
BAJAJ-AUTO,2021-03,Liquidating Assets,Reinvestor
BAJAJ-AUTO,2022-03,Reinvestor,Liquidating Assets
BAJAJ-AUTO,2024-03,Liquidating Assets,Reinvestor
BAJAJFINSV,2016-03,Distress Signal,Growth Funded by Debt
BAJAJFINSV,2017-03,Growth Funded by Debt,Distress Signal
BAJAJFINSV,2018-03,Distress Signal,Growth Funded by Debt
BAJAJFINSV,2021-03,Growth Funded by Debt,Mixed
BAJAJFINSV,2022-03,Mixed,Distress Signal
BAJAJFINSV,2023-03,Distress Signal,Growth Funded by Debt
BAJAJHLDNG,2016-03,Reinvestor,Liquidating Assets
BAJAJHLDNG,2017-03,Liquidating Assets,Pre-Revenue
BAJAJHLDNG,2018-03,Pre-Revenue,Reinvestor
BAJFINANCE,2018-03,Growth Funded by Debt,Distress Signal
BAJFINANCE,2019-03,Distress Signal,Growth Funded by Debt
BAJFINANCE,2022-03,Growth Funded by Debt,Distress Signal
BAJFINANCE,2023-03,Distress Signal,Growth Funded by Debt
BANKBARODA,2014-03,Shareholder Returns,Mixed
BANKBARODA,2015-03,Mixed,Shareholder Returns
BANKBARODA,2016-03,Shareholder Returns,Pre-Revenue
BANKBARODA,2017-03,Pre-Revenue,Shareholder Returns
BANKBARODA,2018-03,Shareholder Returns,Growth Funded by Debt
BANKBARODA,2020-03,Growth Funded by Debt,Mixed
BANKBARODA,2021-03,Mixed,Pre-Revenue
BANKBARODA,2022-03,Pre-Revenue,Shareholder Returns
BANKBARODA,2023-03,Shareholder Returns,Pre-Revenue
BANKBARODA,2024-03,Pre-Revenue,Growth Funded by Debt
BEL,2015-03,Liquidating Assets,Reinvestor
BEL,2017-03,Reinvestor,Liquidating Assets
BEL,2018-03,Liquidating Assets,Pre-Revenue
BEL,2019-03,Pre-Revenue,Reinvestor
BEL,2022-03,Reinvestor,Shareholder Returns
BEL,2023-03,Shareholder Returns,Liquidating Assets
BEL,2024-03,Liquidating Assets,Shareholder Returns
BHARTIARTL,2014-03,Shareholder Returns,Mixed
BHARTIARTL,2015-03,Mixed,Shareholder Returns
BHARTIARTL,2018-03,Shareholder Returns,Mixed
BHARTIARTL,2021-03,Mixed,Shareholder Returns
BHEL,2015-03,Mixed,Liquidating Assets
BHEL,2017-03,Liquidating Assets,Reinvestor
BHEL,2018-03,Reinvestor,Liquidating Assets
BHEL,2020-03,Liquidating Assets,Distress Signal
BHEL,2021-03,Distress Signal,Reinvestor
BHEL,2023-03,Reinvestor,Distress Signal
BOSCHLTD,2013-12,Reinvestor,Shareholder Returns
BOSCHLTD,2017-03,Shareholder Returns,Liquidating Assets
BOSCHLTD,2018-03,Liquidating Assets,Shareholder Returns
BOSCHLTD,2019-03,Shareholder Returns,Liquidating Assets
BOSCHLTD,2020-03,Liquidating Assets,Shareholder Returns
BOSCHLTD,2023-03,Shareholder Returns,Liquidating Assets
BPCL,2017-03,Shareholder Returns,Mixed
BPCL,2018-03,Mixed,Shareholder Returns
BPCL,2019-03,Shareholder Returns,Mixed
BPCL,2021-03,Mixed,Shareholder Returns
BRITANNIA,2014-03,Liquidating Assets,Shareholder Returns
BRITANNIA,2019-03,Shareholder Returns,Reinvestor
BRITANNIA,2020-03,Reinvestor,Mixed
BRITANNIA,2021-03,Mixed,Liquidating Assets
BRITANNIA,2023-03,Liquidating Assets,Shareholder Returns
BRITANNIA,2024-03,Shareholder Returns,Liquidating Assets
CANBK,2017-03,Shareholder Returns,Mixed
CANBK,2018-03,Mixed,Growth Funded by Debt
CANBK,2019-03,Growth Funded by Debt,Shareholder Returns
CANBK,2020-03,Shareholder Returns,Growth Funded by Debt
CANBK,2021-03,Growth Funded by Debt,Mixed
CANBK,2023-03,Mixed,Growth Funded by Debt
CANBK,2024-03,Growth Funded by Debt,Shareholder Returns
CHOLAFIN,2014-03,Distress Signal,Growth Funded by Debt
CHOLAFIN,2022-03,Growth Funded by Debt,Distress Signal
CHOLAFIN,2023-03,Distress Signal,Growth Funded by Debt
CIPLA,2014-03,Mixed,Shareholder Returns
CIPLA,2015-03,Shareholder Returns,Mixed
CIPLA,2017-03,Mixed,Shareholder Returns
CIPLA,2020-03,Shareholder Returns,Liquidating Assets
CIPLA,2021-03,Liquidating Assets,Shareholder Returns
COALINDIA,2014-03,Reinvestor,Liquidating Assets
COALINDIA,2018-03,Liquidating Assets,Shareholder Returns
COALINDIA,2020-03,Shareholder Returns,Liquidating Assets
COALINDIA,2022-03,Liquidating Assets,Shareholder Returns
DABUR,2018-03,Shareholder Returns,Reinvestor
DABUR,2019-03,Reinvestor,Liquidating Assets
DABUR,2020-03,Liquidating Assets,Reinvestor
DABUR,2021-03,Reinvestor,Shareholder Returns
DIVISLAB,2017-03,Reinvestor,Mixed
DIVISLAB,2018-03,Mixed,Reinvestor
DIVISLAB,2021-03,Reinvestor,Liquidating Assets
DIVISLAB,2022-03,Liquidating Assets,Reinvestor
DLF,2016-03,Liquidating Assets,Shareholder Returns
DLF,2017-03,Shareholder Returns,Distress Signal
DLF,2018-03,Distress Signal,Shareholder Returns
DLF,2019-03,Shareholder Returns,Cash Accumulator
DLF,2020-03,Cash Accumulator,Liquidating Assets
DLF,2023-03,Liquidating Assets,Shareholder Returns
DLF,2024-03,Shareholder Returns,Mixed
DMART,2018-03,Mixed,Liquidating Assets
DMART,2019-03,Liquidating Assets,Mixed
DMART,2021-03,Mixed,Reinvestor
DMART,2023-03,Reinvestor,Shareholder Returns
DRREDDY,2016-03,Reinvestor,Shareholder Returns
EICHERMOT,2017-03,Shareholder Returns,Mixed
EICHERMOT,2018-03,Mixed,Shareholder Returns
EICHERMOT,2023-03,Shareholder Returns,Reinvestor
GAIL,2014-03,Mixed,Shareholder Returns
GAIL,2020-03,Shareholder Returns,Mixed
GAIL,2021-03,Mixed,Shareholder Returns
GAIL,2023-03,Shareholder Returns,Mixed
GAIL,2024-03,Mixed,Reinvestor
GODREJCP,2014-03,Mixed,Shareholder Returns
GODREJCP,2017-03,Shareholder Returns,Mixed
GODREJCP,2018-03,Mixed,Shareholder Returns
GODREJCP,2019-03,Shareholder Returns,Liquidating Assets
GODREJCP,2020-03,Liquidating Assets,Shareholder Returns
GODREJCP,2022-03,Shareholder Returns,Reinvestor
GODREJCP,2023-03,Reinvestor,Shareholder Returns
GODREJCP,2024-03,Shareholder Returns,Mixed
GRASIM,2014-03,Mixed,Shareholder Returns
GRASIM,2018-03,Shareholder Returns,Distress Signal
GRASIM,2019-03,Distress Signal,Growth Funded by Debt
GRASIM,2020-03,Growth Funded by Debt,Reinvestor
GRASIM,2023-03,Reinvestor,Growth Funded by Debt
HAL,2019-03,Liquidating Assets,Distress Signal
HAL,2020-03,Distress Signal,Mixed
HAL,2021-03,Mixed,Reinvestor
HAL,2023-03,Reinvestor,Shareholder Returns
HAVELLS,2019-03,Shareholder Returns,Liquidating Assets
HAVELLS,2020-03,Liquidating Assets,Shareholder Returns
HAVELLS,2021-03,Shareholder Returns,Mixed
HAVELLS,2022-03,Mixed,Shareholder Returns
HAVELLS,2023-03,Shareholder Returns,Liquidating Assets
HAVELLS,2024-03,Liquidating Assets,Shareholder Returns
HCLTECH,2015-06,Shareholder Returns,Reinvestor
HCLTECH,2020-03,Reinvestor,Shareholder Returns
HCLTECH,2022-03,Shareholder Returns,Liquidating Assets
HCLTECH,2023-03,Liquidating Assets,Shareholder Returns
HDFCBANK,2014-03,Growth Funded by Debt,Mixed
HDFCBANK,2015-03,Mixed,Growth Funded by Debt
HDFCBANK,2017-03,Growth Funded by Debt,Reinvestor
HDFCBANK,2018-03,Reinvestor,Mixed
HDFCBANK,2019-03,Mixed,Growth Funded by Debt
HDFCBANK,2021-03,Growth Funded by Debt,Reinvestor
HDFCBANK,2022-03,Reinvestor,Growth Funded by Debt
HDFCBANK,2023-03,Growth Funded by Debt,Mixed
HDFCBANK,2024-03,Mixed,Liquidating Assets
HDFCLIFE,2015-03,Insufficient Data,Shareholder Returns
HDFCLIFE,2020-03,Shareholder Returns,Mixed
HDFCLIFE,2022-03,Mixed,Shareholder Returns
HDFCLIFE,2023-03,Shareholder Returns,Mixed
HDFCLIFE,2024-03,Mixed,Shareholder Returns
HEROMOTOCO,2015-03,Shareholder Returns,Liquidating Assets
HEROMOTOCO,2016-03,Liquidating Assets,Shareholder Returns
HEROMOTOCO,2019-03,Shareholder Returns,Liquidating Assets
HEROMOTOCO,2020-03,Liquidating Assets,Shareholder Returns
HINDALCO,2015-03,Mixed,Shareholder Returns
HINDALCO,2018-03,Shareholder Returns,Liquidating Assets
HINDALCO,2019-03,Liquidating Assets,Shareholder Returns
HINDALCO,2020-03,Shareholder Returns,Mixed
HINDALCO,2021-03,Mixed,Shareholder Returns
HINDUNILVR,2014-03,Liquidating Assets,Reinvestor
HINDUNILVR,2015-03,Reinvestor,Liquidating Assets
HINDUNILVR,2016-03,Liquidating Assets,Reinvestor
HINDUNILVR,2018-03,Reinvestor,Shareholder Returns
HINDUNILVR,2020-03,Shareholder Returns,Liquidating Assets
HINDUNILVR,2021-03,Liquidating Assets,Shareholder Returns
ICICIBANK,2015-03,Mixed,Growth Funded by Debt
ICICIBANK,2016-03,Growth Funded by Debt,Mixed
ICICIBANK,2017-03,Mixed,Shareholder Returns
ICICIBANK,2018-03,Shareholder Returns,Mixed
ICICIBANK,2019-03,Mixed,Shareholder Returns
ICICIBANK,2020-03,Shareholder Returns,Mixed
ICICIBANK,2021-03,Mixed,Shareholder Returns
ICICIBANK,2022-03,Shareholder Returns,Mixed
ICICIBANK,2023-03,Mixed,Growth Funded by Debt
ICICIBANK,2024-03,Growth Funded by Debt,Mixed
ICICIGI,2015-03,Mixed,Liquidating Assets
ICICIGI,2016-03,Liquidating Assets,Shareholder Returns
ICICIGI,2017-03,Shareholder Returns,Mixed
ICICIGI,2018-03,Mixed,Shareholder Returns
ICICIGI,2022-03,Shareholder Returns,Liquidating Assets
ICICIGI,2023-03,Liquidating Assets,Shareholder Returns
ICICIPRULI,2015-03,Liquidating Assets,Reinvestor
ICICIPRULI,2016-03,Reinvestor,Liquidating Assets
ICICIPRULI,2017-03,Liquidating Assets,Reinvestor
ICICIPRULI,2018-03,Reinvestor,Shareholder Returns
ICICIPRULI,2021-03,Shareholder Returns,Mixed
ICICIPRULI,2022-03,Mixed,Shareholder Returns
ICICIPRULI,2024-03,Shareholder Returns,Liquidating Assets
INDIGO,2015-03,Mixed,Shareholder Returns
INDIGO,2018-03,Shareholder Returns,Mixed
INDIGO,2019-03,Mixed,Shareholder Returns
INDIGO,2020-03,Shareholder Returns,Reinvestor
INDIGO,2021-03,Reinvestor,Liquidating Assets
INDIGO,2023-03,Liquidating Assets,Reinvestor
INDUSINDBK,2017-03,Growth Funded by Debt,Reinvestor
INDUSINDBK,2018-03,Reinvestor,Growth Funded by Debt
INDUSINDBK,2020-03,Growth Funded by Debt,Distress Signal
INDUSINDBK,2021-03,Distress Signal,Shareholder Returns
INDUSINDBK,2023-03,Shareholder Returns,Growth Funded by Debt
INDUSINDBK,2024-03,Growth Funded by Debt,Pre-Revenue
INFY,2015-03,Reinvestor,Liquidating Assets
INFY,2016-03,Liquidating Assets,Reinvestor
INFY,2018-03,Reinvestor,Liquidating Assets
INFY,2019-03,Liquidating Assets,Reinvestor
INFY,2022-03,Reinvestor,Shareholder Returns
IOC,2014-03,Mixed,Shareholder Returns
IOC,2019-03,Shareholder Returns,Mixed
IOC,2021-03,Mixed,Reinvestor
IRCTC,2016-03,Reinvestor,Liquidating Assets
IRCTC,2019-03,Liquidating Assets,Shareholder Returns
IRCTC,2020-03,Shareholder Returns,Liquidating Assets
IRCTC,2021-03,Liquidating Assets,Shareholder Returns
IRCTC,2022-03,Shareholder Returns,Reinvestor
IRCTC,2023-03,Reinvestor,Shareholder Returns
IRCTC,2024-03,Shareholder Returns,Reinvestor
IRFC,2021-03,Distress Signal,Growth Funded by Debt
IRFC,2024-03,Growth Funded by Debt,Reinvestor
ITC,2018-03,Reinvestor,Shareholder Returns
ITC,2021-03,Shareholder Returns,Liquidating Assets
ITC,2022-03,Liquidating Assets,Shareholder Returns
ITC,2023-03,Shareholder Returns,Reinvestor
ITC,2024-03,Reinvestor,Liquidating Assets
JINDALSTEL,2016-03,Mixed,Reinvestor
JINDALSTEL,2024-03,Reinvestor,Mixed
JIOFIN,2024-03,Shareholder Returns,Liquidating Assets
JSWENERGY,2020-03,Shareholder Returns,Liquidating Assets
JSWENERGY,2021-03,Liquidating Assets,Shareholder Returns
JSWENERGY,2023-03,Shareholder Returns,Mixed
JSWSTEEL,2014-03,Shareholder Returns,Mixed
JSWSTEEL,2015-03,Mixed,Shareholder Returns
JSWSTEEL,2016-03,Shareholder Returns,Reinvestor
JSWSTEEL,2017-03,Reinvestor,Shareholder Returns
JSWSTEEL,2018-03,Shareholder Returns,Reinvestor
JSWSTEEL,2019-03,Reinvestor,Mixed
JSWSTEEL,2021-03,Mixed,Shareholder Returns
KOTAKBANK,2014-03,Mixed,Shareholder Returns
KOTAKBANK,2015-03,Shareholder Returns,Mixed
KOTAKBANK,2018-03,Mixed,Growth Funded by Debt
KOTAKBANK,2019-03,Growth Funded by Debt,Mixed
KOTAKBANK,2020-03,Mixed,Shareholder Returns
KOTAKBANK,2022-03,Shareholder Returns,Mixed
KOTAKBANK,2023-03,Mixed,Growth Funded by Debt
KOTAKBANK,2024-03,Growth Funded by Debt,Mixed
LICI,2020-03,Liquidating Assets,Shareholder Returns
LICI,2021-03,Shareholder Returns,Liquidating Assets
LICI,2023-03,Liquidating Assets,Shareholder Returns
LODHA,2017-03,Mixed,Shareholder Returns
LODHA,2018-03,Shareholder Returns,Mixed
LODHA,2019-03,Mixed,Growth Funded by Debt
LODHA,2020-03,Growth Funded by Debt,Liquidating Assets
LODHA,2024-03,Liquidating Assets,Mixed
LT,2017-03,Growth Funded by Debt,Mixed
LT,2018-03,Mixed,Distress Signal
LT,2019-03,Distress Signal,Growth Funded by Debt
LT,2020-03,Growth Funded by Debt,Mixed
LT,2021-03,Mixed,Reinvestor
LT,2023-03,Reinvestor,Shareholder Returns
LT,2024-03,Shareholder Returns,Liquidating Assets
LTIM,2014-03,Shareholder Returns,Liquidating Assets
LTIM,2015-03,Liquidating Assets,Reinvestor
LTIM,2021-03,Reinvestor,Shareholder Returns
LTIM,2022-03,Shareholder Returns,Reinvestor
LTIM,2024-03,Reinvestor,Shareholder Returns
M&M,2015-03,Growth Funded by Debt,Mixed
M&M,2019-03,Mixed,Growth Funded by Debt
M&M,2021-03,Growth Funded by Debt,Mixed
M&M,2022-03,Mixed,Shareholder Returns
M&M,2023-03,Shareholder Returns,Growth Funded by Debt
MOTHERSON,2015-03,Shareholder Returns,Mixed
MOTHERSON,2016-03,Mixed,Shareholder Returns
MOTHERSON,2017-03,Shareholder Returns,Mixed
MOTHERSON,2018-03,Mixed,Shareholder Returns
MOTHERSON,2024-03,Shareholder Returns,Mixed
NAUKRI,2014-03,Reinvestor,Mixed
NAUKRI,2016-03,Mixed,Reinvestor
NAUKRI,2020-03,Reinvestor,Liquidating Assets
NAUKRI,2021-03,Liquidating Assets,Mixed
NESTLEIND,2019-12,Shareholder Returns,Liquidating Assets
NESTLEIND,2020-12,Liquidating Assets,Shareholder Returns
NHPC,2014-03,Reinvestor,Shareholder Returns
NHPC,2020-03,Shareholder Returns,Mixed
NHPC,2021-03,Mixed,Shareholder Returns
NTPC,2014-03,Mixed,Shareholder Returns
NTPC,2017-03,Shareholder Returns,Mixed
NTPC,2021-03,Mixed,Shareholder Returns
ONGC,2014-03,Shareholder Returns,Mixed
ONGC,2015-03,Mixed,Shareholder Returns
ONGC,2018-03,Shareholder Returns,Mixed
ONGC,2019-03,Mixed,Shareholder Returns
PFC,2015-03,Distress Signal,Growth Funded by Debt
PFC,2017-03,Growth Funded by Debt,Mixed
PFC,2018-03,Mixed,Distress Signal
PFC,2019-03,Distress Signal,Growth Funded by Debt
PFC,2021-03,Growth Funded by Debt,Distress Signal
PFC,2022-03,Distress Signal,Reinvestor
PFC,2023-03,Reinvestor,Growth Funded by Debt
PIDILITIND,2014-03,Shareholder Returns,Reinvestor
PIDILITIND,2015-03,Reinvestor,Shareholder Returns
PIDILITIND,2017-03,Shareholder Returns,Mixed
PIDILITIND,2018-03,Mixed,Liquidating Assets
PIDILITIND,2019-03,Liquidating Assets,Reinvestor
PIDILITIND,2020-03,Reinvestor,Liquidating Assets
PIDILITIND,2021-03,Liquidating Assets,Shareholder Returns
PIDILITIND,2022-03,Shareholder Returns,Reinvestor
PIDILITIND,2023-03,Reinvestor,Shareholder Returns
PNB,2014-03,Pre-Revenue,Mixed
PNB,2017-03,Mixed,Liquidating Assets
PNB,2018-03,Liquidating Assets,Distress Signal
PNB,2019-03,Distress Signal,Growth Funded by Debt
PNB,2021-03,Growth Funded by Debt,Mixed
PNB,2024-03,Mixed,Growth Funded by Debt
POWERGRID,2019-03,Mixed,Shareholder Returns
POWERGRID,2022-03,Shareholder Returns,Liquidating Assets
POWERGRID,2023-03,Liquidating Assets,Shareholder Returns
RECLTD,2016-03,Distress Signal,Growth Funded by Debt
RECLTD,2017-03,Growth Funded by Debt,Reinvestor
RECLTD,2018-03,Reinvestor,Distress Signal
RECLTD,2022-03,Distress Signal,Growth Funded by Debt
RELIANCE,2016-03,Mixed,Shareholder Returns
RELIANCE,2017-03,Shareholder Returns,Mixed
RELIANCE,2018-03,Mixed,Shareholder Returns
RELIANCE,2019-03,Shareholder Returns,Mixed
RELIANCE,2020-03,Mixed,Shareholder Returns
RELIANCE,2021-03,Shareholder Returns,Mixed
RELIANCE,2024-03,Mixed,Shareholder Returns
SBILIFE,2021-03,Shareholder Returns,Mixed
SBILIFE,2022-03,Mixed,Shareholder Returns
SBIN,2014-03,Shareholder Returns,Mixed
SBIN,2015-03,Mixed,Shareholder Returns
SBIN,2016-03,Shareholder Returns,Mixed
SBIN,2017-03,Mixed,Reinvestor
SBIN,2018-03,Reinvestor,Distress Signal
SBIN,2019-03,Distress Signal,Cash Accumulator
SBIN,2020-03,Cash Accumulator,Mixed
SBIN,2022-03,Mixed,Shareholder Returns
SBIN,2023-03,Shareholder Returns,Growth Funded by Debt
SBIN,2024-03,Growth Funded by Debt,Shareholder Returns
SHREECEM,2016-03,Shareholder Returns,Reinvestor
SHREECEM,2017-03,Reinvestor,Shareholder Returns
SHREECEM,2018-03,Shareholder Returns,Mixed
SHREECEM,2019-03,Mixed,Shareholder Returns
SHREECEM,2020-03,Shareholder Returns,Mixed
SHREECEM,2021-03,Mixed,Shareholder Returns
SHRIRAMFIN,2018-03,Growth Funded by Debt,Distress Signal
SHRIRAMFIN,2019-03,Distress Signal,Growth Funded by Debt
SHRIRAMFIN,2023-03,Growth Funded by Debt,Distress Signal
SHRIRAMFIN,2024-03,Distress Signal,Growth Funded by Debt
SIEMENS,2018-09,Liquidating Assets,Reinvestor
SIEMENS,2020-09,Reinvestor,Liquidating Assets
SIEMENS,2021-09,Liquidating Assets,Reinvestor
SUNPHARMA,2014-03,Reinvestor,Mixed
SUNPHARMA,2015-03,Mixed,Shareholder Returns
SUNPHARMA,2021-03,Shareholder Returns,Liquidating Assets
SUNPHARMA,2022-03,Liquidating Assets,Shareholder Returns
SUNPHARMA,2023-03,Shareholder Returns,Mixed
SUNPHARMA,2024-03,Mixed,Shareholder Returns
TATACONSUM,2014-03,Cash Accumulator,Reinvestor
TATACONSUM,2016-03,Reinvestor,Liquidating Assets
TATACONSUM,2018-03,Liquidating Assets,Reinvestor
TATACONSUM,2019-03,Reinvestor,Liquidating Assets
TATACONSUM,2020-03,Liquidating Assets,Reinvestor
TATACONSUM,2021-03,Reinvestor,Shareholder Returns
TATACONSUM,2024-03,Shareholder Returns,Mixed
TATAMOTORS,2015-03,Shareholder Returns,Mixed
TATAMOTORS,2016-03,Mixed,Shareholder Returns
TATAMOTORS,2017-03,Shareholder Returns,Mixed
TATAMOTORS,2022-03,Mixed,Reinvestor
TATAMOTORS,2023-03,Reinvestor,Shareholder Returns
TATAPOWER,2017-03,Shareholder Returns,Mixed
TATAPOWER,2018-03,Mixed,Shareholder Returns
TATAPOWER,2021-03,Shareholder Returns,Liquidating Assets
TATAPOWER,2022-03,Liquidating Assets,Shareholder Returns
TATAPOWER,2023-03,Shareholder Returns,Mixed
TATAPOWER,2024-03,Mixed,Shareholder Returns
TATASTEEL,2014-03,Reinvestor,Mixed
TATASTEEL,2015-03,Mixed,Reinvestor
TATASTEEL,2018-03,Reinvestor,Mixed
TATASTEEL,2019-03,Mixed,Reinvestor
TATASTEEL,2021-03,Reinvestor,Shareholder Returns
TCS,2018-03,Reinvestor,Liquidating Assets
TCS,2021-03,Liquidating Assets,Shareholder Returns
TCS,2023-03,Shareholder Returns,Liquidating Assets
TECHM,2014-03,Mixed,Liquidating Assets
TECHM,2015-03,Liquidating Assets,Reinvestor
TECHM,2019-03,Reinvestor,Shareholder Returns
TECHM,2020-03,Shareholder Returns,Liquidating Assets
TECHM,2021-03,Liquidating Assets,Shareholder Returns
TECHM,2022-03,Shareholder Returns,Liquidating Assets
TECHM,2023-03,Liquidating Assets,Shareholder Returns
TITAN,2014-03,Reinvestor,Growth Funded by Debt
TITAN,2015-03,Growth Funded by Debt,Reinvestor
TITAN,2018-03,Reinvestor,Liquidating Assets
TITAN,2019-03,Liquidating Assets,Reinvestor
TITAN,2020-03,Reinvestor,Liquidating Assets
TITAN,2021-03,Liquidating Assets,Shareholder Returns
TITAN,2022-03,Shareholder Returns,Liquidating Assets
TITAN,2023-03,Liquidating Assets,Mixed
TITAN,2024-03,Mixed,Reinvestor
TORNTPHARM,2016-03,Mixed,Reinvestor
TORNTPHARM,2018-03,Reinvestor,Mixed
TORNTPHARM,2019-03,Mixed,Shareholder Returns
TORNTPHARM,2020-03,Shareholder Returns,Liquidating Assets
TORNTPHARM,2021-03,Liquidating Assets,Shareholder Returns
TORNTPHARM,2023-03,Shareholder Returns,Mixed
TORNTPHARM,2024-03,Mixed,Shareholder Returns
TRENT,2014-03,Mixed,Pre-Revenue
TRENT,2015-03,Pre-Revenue,Growth Funded by Debt
TRENT,2016-03,Growth Funded by Debt,Reinvestor
TRENT,2018-03,Reinvestor,Shareholder Returns
TRENT,2019-03,Shareholder Returns,Mixed
TRENT,2021-03,Mixed,Liquidating Assets
TRENT,2023-03,Liquidating Assets,Shareholder Returns
TVSMOTOR,2015-03,Shareholder Returns,Mixed
TVSMOTOR,2016-03,Mixed,Shareholder Returns
TVSMOTOR,2018-03,Shareholder Returns,Mixed
TVSMOTOR,2019-03,Mixed,Growth Funded by Debt
TVSMOTOR,2020-03,Growth Funded by Debt,Mixed
TVSMOTOR,2022-03,Mixed,Growth Funded by Debt
